Frodo,Shire,0.10270175770809495
Frodo,Gondor,0.004576539191992473
Frodo,Mordor,0.10118758213590728
Frodo,Rohan,0.0019047889626183099
Frodo,Isengard,0.0004506796837211639
Frodo,Rivendell,0.04416224469019118
Frodo,Bree,0.017484499680446602
Frodo,Moria,0.015427261332927643
Frodo,Lórien,0.028569729124112882
Frodo,Orthanc,0.0009234937568507609
Frodo,Anduin,0.0024857152244220798
Frodo,Fangorn,1.658825204396643e-05
Frodo,Middle-earth,0.0014238395163658115
Frodo,Hobbiton,0.017878348070177217
Frodo,Morgul,0.004942884950678432
Frodo,Helm's Deep,1.4183133493073212e-06
Frodo,Mirkwood,0.0007213136894372708
Frodo,Ithilien,0.0019976928914609755
Frodo,Lothlórien,0.007685763798989685
Frodo,Amroth,0.001307343491910935
Frodo,Osgiliath,0.00033431896657541276
Frodo,Edoras,8.14368047331955e-06
Frodo,Barad-dûr,0.0003309503117263062
Sam,Shire,0.051939449514759546
Sam,Gondor,0.002192146652007557
Sam,Mordor,0.08567526680746805
Sam,Rohan,0.015157399907023451
Sam,Isengard,0.0011833847071370605
Sam,Rivendell,0.008094523229268251
Sam,Bree,0.00869723097711693
Sam,Moria,0.005372579156904425
Sam,Lórien,0.01571488863264768
Sam,Orthanc,0.0005074342133967849
Sam,Anduin,0.0008604963700526267
Sam,Fangorn,2.1490632817692622e-05
Sam,Middle-earth,0.004215902939262165
Sam,Hobbiton,0.018405665898391464
Sam,Morgul,0.004190069934540573
Sam,Helm's Deep,1.5238937463430717e-06
Sam,Mirkwood,0.0021867094109879383
Sam,Ithilien,0.017597916198379148
Sam,Lothlórien,0.0012597399275369788
Sam,Amroth,2.1306708320336184e-05
Sam,Osgiliath,0.0001659655534359642
Sam,Edoras,6.735241132696862e-06
Sam,Barad-dûr,0.004942253172119139
Gandalf,Shire,0.016814900336670352
Gandalf,Gondor,0.019936328307217
Gandalf,Mordor,0.023884938794009696
Gandalf,Rohan,0.01961492634497482
Gandalf,Isengard,0.04927591043466343
Gandalf,Rivendell,0.023193503398400685
Gandalf,Bree,0.004055314299826672
Gandalf,Moria,0.06437828287140801
Gandalf,Lórien,0.001100204674544594
Gandalf,Orthanc,0.015715665426515108
Gandalf,Anduin,0.0004845486757989542
Gandalf,Fangorn,0.005721131061832689
Gandalf,Middle-earth,0.002414877072672267
Gandalf,Hobbiton,0.0011660859954970625
Gandalf,Morgul,0.0013137276711864946
Gandalf,Helm's Deep,0.00037925350124056383
Gandalf,Mirkwood,0.00045558192019437473
Gandalf,Ithilien,0.0007693711894497823
Gandalf,Lothlórien,0.0013317372847966935
Gandalf,Amroth,0.0009055156279055008
Gandalf,Osgiliath,0.00013302637460957202
Gandalf,Edoras,0.009404922792367099
Gandalf,Barad-dûr,0.0005841209609783016
Aragorn,Shire,0.0136219948803314
Aragorn,Gondor,0.03811104901759688
Aragorn,Mordor,0.006174175889278966
Aragorn,Rohan,0.02827247115070958
Aragorn,Isengard,0.011081837903072553
Aragorn,Rivendell,0.005091026972393046
Aragorn,Bree,0.0011187726364618703
Aragorn,Moria,0.0071327258613629214
Aragorn,Lórien,0.013414817441282673
Aragorn,Orthanc,0.010666084929190262
Aragorn,Anduin,0.0008348909520475195
Aragorn,Fangorn,0.006605547345480855
Aragorn,Middle-earth,0.0032749177252657516
Aragorn,Hobbiton,3.422767337836603e-05
Aragorn,Morgul,0.0007620628904366394
Aragorn,Helm's Deep,0.00043780582406290324
Aragorn,Mirkwood,0.005633005248704188
Aragorn,Ithilien,0.0019202877279973724
Aragorn,Lothlórien,0.007068986402871121
Aragorn,Amroth,0.00015603563822015525
Aragorn,Osgiliath,9.304962941738854e-05
Aragorn,Edoras,0.0012472956700997613
Aragorn,Barad-dûr,0.0006020496973591513
Pippin,Shire,0.035985124939675976
Pippin,Gondor,0.028332626927200365
Pippin,Mordor,0.009900331909277351
Pippin,Rohan,0.008901302570655346
Pippin,Isengard,0.014420419306162176
Pippin,Rivendell,0.00714917047178216
Pippin,Bree,0.0008720092847017371
Pippin,Moria,0.00046821279378379225
Pippin,Lórien,0.0015834483474945922
Pippin,Orthanc,0.0016893892887118902
Pippin,Anduin,0.00042828694541267664
Pippin,Fangorn,0.0009776474224756266
Pippin,Middle-earth,0.0007700453326053667
Pippin,Hobbiton,0.004130335598423921
Pippin,Morgul,0.0008832978993772795
Pippin,Helm's Deep,0.0027844373593555556
Pippin,Mirkwood,0.00010902157097822864
Pippin,Ithilien,0.00044696981495304924
Pippin,Lothlórien,4.430568747760966e-05
Pippin,Amroth,0.0002922890019445771
Pippin,Osgiliath,0.00023193324253526114
Pippin,Edoras,3.162055701200628e-05
Pippin,Barad-dûr,0.00010831411339172372
Merry,Shire,0.01919482953166484
Merry,Gondor,0.019277225587692803
Merry,Mordor,0.0011183978066019666
Merry,Rohan,0.0035791392464587474
Merry,Isengard,0.029980405172646857
Merry,Rivendell,0.015230346456050196
Merry,Bree,0.017932034641235797
Merry,Moria,0.0002763527613425203
Merry,Lórien,0.00031677473565844635
Merry,Orthanc,0.0019287893550196166
Merry,Anduin,0.00013560941550805564
Merry,Fangorn,0.0009898439617195651
Merry,Middle-earth,0.0006521619937420128
Merry,Hobbiton,0.0033042137015257588
Merry,Morgul,2.233893618896408e-05
Merry,Helm's Deep,0.00018589473774961143
Merry,Mirkwood,0.0003182108447167684
Merry,Ithilien,0.00042033662805046433
Merry,Lothlórien,5.2634598655892306e-05
Merry,Amroth,0.0001283345201992322
Merry,Osgiliath,0.00018176835759132635
Merry,Edoras,0.0002285779535421157
Merry,Barad-dûr,5.787354400815087e-05
Gollum,Shire,0.0008221231873139993
Gollum,Gondor,0.0009512464947007635
Gollum,Mordor,0.014756513577759698
Gollum,Rohan,4.892633532978437e-05
Gollum,Isengard,0.0001570178309171872
Gollum,Rivendell,1.3054145032566225e-05
Gollum,Bree,1.0070656898798796e-05
Gollum,Moria,0.00011131774831634485
Gollum,Lórien,0.00022975022703336363
Gollum,Orthanc,3.5475490989189716e-05
Gollum,Anduin,0.00027231130915181836
Gollum,Fangorn,5.2042195745587e-07
Gollum,Middle-earth,9.73489698291804e-06
Gollum,Hobbiton,6.273901705038247e-06
Gollum,Morgul,0.0005111481007934629
Gollum,Helm's Deep,2.7440442793259846e-07
Gollum,Mirkwood,0.002240021629076789
Gollum,Ithilien,0.00019293753268235378
Gollum,Lothlórien,2.348763550014805e-06
Gollum,Amroth,1.8865035162396554e-07
Gollum,Osgiliath,0.00022304603690181019
Gollum,Edoras,2.4029609556250866e-06
Gollum,Barad-dûr,0.0016353228866996463
Gimli,Shire,0.00031054049700468707
Gimli,Gondor,0.0023096219968266915
Gimli,Mordor,0.007398434424054589
Gimli,Rohan,0.006874395797384087
Gimli,Isengard,0.005635967185285633
Gimli,Rivendell,0.0029177953966617997
Gimli,Bree,2.759321347966792e-05
Gimli,Moria,0.01976480437451719
Gimli,Lórien,0.0009857344901166058
Gimli,Orthanc,0.00036007493708423784
Gimli,Anduin,0.0002795673289517026
Gimli,Fangorn,0.029046594439045333
Gimli,Middle-earth,0.004683113242373978
Gimli,Hobbiton,1.7457949568276454e-06
Gimli,Morgul,3.2974817470518936e-06
Gimli,Helm's Deep,0.00028322229858223085
Gimli,Mirkwood,0.0013656963825124829
Gimli,Ithilien,0.0001261747467207748
Gimli,Lothlórien,0.0072567917173924764
Gimli,Amroth,0.0001625541400281315
Gimli,Osgiliath,4.689675615422667e-06
Gimli,Edoras,0.001849438757469532
Gimli,Barad-dûr,4.4339243140097665e-05
Bilbo,Shire,0.037654470522237714
Bilbo,Gondor,9.005174803172923e-05
Bilbo,Mordor,0.00027614558714469034
Bilbo,Rohan,5.128592354851234e-05
Bilbo,Isengard,8.485212357086836e-06
Bilbo,Rivendell,0.031160966948126947
Bilbo,Bree,0.0011750453397894323
Bilbo,Moria,0.0001674856260828807
Bilbo,Lórien,5.28639201216603e-05
Bilbo,Orthanc,1.3727772447962796e-06
Bilbo,Anduin,1.3888032610860357e-05
Bilbo,Fangorn,5.111603525165652e-06
Bilbo,Middle-earth,0.00038074071715197107
Bilbo,Hobbiton,0.010893292767006225
Bilbo,Morgul,3.693557703400001e-06
Bilbo,Helm's Deep,1.177414401924148e-08
Bilbo,Mirkwood,0.0025031540868042405
Bilbo,Ithilien,2.1986223256324037e-06
Bilbo,Lothlórien,3.7446514881757205e-05
Bilbo,Amroth,4.50024105929842e-07
Bilbo,Osgiliath,1.6309655909826275e-06
Bilbo,Edoras,2.651568076122002e-07
Bilbo,Barad-dûr,3.2918020411350277e-07
Legolas,Shire,0.00010485343172529701
Legolas,Gondor,0.013560895322110078
Legolas,Mordor,0.003078326560982196
Legolas,Rohan,0.012938970335562017
Legolas,Isengard,0.0037697053818797296
Legolas,Rivendell,0.0004805704587775407
Legolas,Bree,6.11616587873408e-06
Legolas,Moria,0.007539001405467784
Legolas,Lórien,0.0022550964892862593
Legolas,Orthanc,0.00041551405947746914
Legolas,Anduin,0.000388827770208704
Legolas,Fangorn,0.030888430108653823
Legolas,Middle-earth,0.0014290887689936737
Legolas,Hobbiton,2.524103623100694e-07
Legolas,Morgul,3.3784390651556117e-06
Legolas,Helm's Deep,0.0008093723822152422
Legolas,Mirkwood,0.0026882030124749535
Legolas,Ithilien,0.003164602926753824
Legolas,Lothlórien,0.017473873805179545
Legolas,Amroth,0.0012006463774606397
Legolas,Osgiliath,1.239107150178703e-05
Legolas,Edoras,0.00041367845868043056
Legolas,Barad-dûr,4.734460067602484e-05
Faramir,Shire,0.00022670520886790459
Faramir,Gondor,0.02254377082664179
Faramir,Mordor,0.0004187236875512352
Faramir,Rohan,0.006077059281817134
Faramir,Isengard,5.831049482703582e-06
Faramir,Rivendell,0.0014529396527100003
Faramir,Bree,2.13147752784739e-06
Faramir,Moria,0.0024086567802760798
Faramir,Lórien,0.0026783457877211266
Faramir,Orthanc,3.1403642382833165e-06
Faramir,Anduin,0.0018687930884689684
Faramir,Fangorn,9.606705961490999e-07
Faramir,Middle-earth,0.0002935403829997331
Faramir,Hobbiton,3.859950786160534e-07
Faramir,Morgul,0.007299164061631323
Faramir,Helm's Deep,3.592042999109375e-08
Faramir,Mirkwood,0.00028613414083522343
Faramir,Ithilien,0.020767742809061934
Faramir,Lothlórien,0.00011149961478606036
Faramir,Amroth,0.012706259909037745
Faramir,Osgiliath,0.006015316706149557
Faramir,Edoras,0.000997624980671741
Faramir,Barad-dûr,2.9638696517274516e-06
Saruman,Shire,0.0015255663892581454
Saruman,Gondor,0.001916736256471622
Saruman,Mordor,0.02290116297276737
Saruman,Rohan,0.018535226475914678
Saruman,Isengard,0.049063822178788664
Saruman,Rivendell,0.00014491224206024007
Saruman,Bree,9.933010673961229e-05
Saruman,Moria,0.0002890735936977038
Saruman,Lórien,0.00017200502956818173
Saruman,Orthanc,0.02992781090768421
Saruman,Anduin,4.340217008164775e-05
Saruman,Fangorn,0.0013743434433905438
Saruman,Middle-earth,0.00019011976121369422
Saruman,Hobbiton,1.528601083586049e-05
Saruman,Morgul,0.00019077989888869557
Saruman,Helm's Deep,0.0005645139978996958
Saruman,Mirkwood,0.000358564905854866
Saruman,Ithilien,7.042022717074355e-07
Saruman,Lothlórien,7.137092370946535e-06
Saruman,Amroth,4.502806175400258e-07
Saruman,Osgiliath,2.472204154391798e-05
Saruman,Edoras,0.015862487942001596
Saruman,Barad-dûr,0.0008538957231172327
Boromir,Shire,0.0009791976227087474
Boromir,Gondor,0.07150626325223604
Boromir,Mordor,0.013712478600648885
Boromir,Rohan,0.009327273813872381
Boromir,Isengard,0.0003381857300344077
Boromir,Rivendell,0.005831093503824251
Boromir,Bree,1.3153066280241503e-05
Boromir,Moria,0.009352915808265843
Boromir,Lórien,0.0015483066244545195
Boromir,Orthanc,2.5237377634141923e-05
Boromir,Anduin,0.00029906588622856324
Boromir,Fangorn,0.0018557517283559488
Boromir,Middle-earth,0.0003085553529675059
Boromir,Hobbiton,7.76825048374647e-06
Boromir,Morgul,1.3941972653932413e-05
Boromir,Helm's Deep,9.408799129403238e-08
Boromir,Mirkwood,3.8100558273555224e-05
Boromir,Ithilien,7.982137704000826e-05
Boromir,Lothlórien,0.0007645042928476581
Boromir,Amroth,2.0172758091778875e-06
Boromir,Osgiliath,0.0005614402951221548
Boromir,Edoras,2.751975419021882e-06
Boromir,Barad-dûr,1.3572454181205084e-05
Théoden,Shire,0.0037110791797552384
Théoden,Gondor,0.004678529016342852
Théoden,Mordor,0.0009573247492999382
Théoden,Rohan,0.029203423176283154
Théoden,Isengard,0.00602723371004426
Théoden,Rivendell,2.783383554281995e-05
Théoden,Bree,4.5456169251241635e-07
Théoden,Moria,1.9131183455645996e-05
Théoden,Lórien,1.3100754790794646e-05
Théoden,Orthanc,0.0019958696761305005
Théoden,Anduin,0.00013030911485974517
Théoden,Fangorn,0.00020298883447752994
Théoden,Middle-earth,7.261789288141762e-05
Théoden,Hobbiton,3.8613359429073775e-07
Théoden,Morgul,1.679907272366155e-05
Théoden,Helm's Deep,0.0014319431174667576
Théoden,Mirkwood,2.8177449965286996e-05
Théoden,Ithilien,0.00011425572298398324
Théoden,Lothlórien,5.3301246100212695e-05
Théoden,Amroth,0.00022017810927246325
Théoden,Osgiliath,8.215182937398382e-06
Théoden,Edoras,0.010846124503159598
Théoden,Barad-dûr,6.559666665034072e-06
Strider,Shire,0.0008830102674637923
Strider,Gondor,0.002673139092310982
Strider,Mordor,0.013406026651890003
Strider,Rohan,0.0002788849099760878
Strider,Isengard,0.001541903651271583
Strider,Rivendell,0.005026854428325033
Strider,Bree,0.014789150187610798
Strider,Moria,1.433322549450365e-05
Strider,Lórien,2.6857476238111586e-05
Strider,Orthanc,3.112933448419542e-05
Strider,Anduin,1.9181689125524345e-06
Strider,Fangorn,2.5094769503574232e-06
Strider,Middle-earth,0.00016539341988665152
Strider,Hobbiton,3.356459352278439e-05
Strider,Morgul,1.3971419862667963e-05
Strider,Helm's Deep,1.6328150351251933e-05
Strider,Mirkwood,1.4380663306246575e-05
Strider,Ithilien,9.948388509237575e-07
Strider,Lothlórien,1.1028995445366792e-05
Strider,Amroth,2.757910459289797e-06
Strider,Osgiliath,5.370491216527625e-07
Strider,Edoras,1.9683924839699163e-06
Strider,Barad-dûr,9.77218135985913e-06
Elrond,Shire,0.005538797931414956
Elrond,Gondor,0.002123168459992373
Elrond,Mordor,0.0006208727713719664
Elrond,Rohan,0.0051349260718025255
Elrond,Isengard,6.004762525430446e-05
Elrond,Rivendell,0.03906471877606458
Elrond,Bree,0.00010744146186010782
Elrond,Moria,0.0004909173578583843
Elrond,Lórien,0.0037127141815475073
Elrond,Orthanc,4.5876402406400105e-05
Elrond,Anduin,0.00019796709151723122
Elrond,Fangorn,0.00010603700124830512
Elrond,Middle-earth,0.0006389758852239297
Elrond,Hobbiton,0.00019731188554810445
Elrond,Morgul,0.00012683976899049849
Elrond,Helm's Deep,1.6009249116029906e-07
Elrond,Mirkwood,0.0009867088648635523
Elrond,Ithilien,0.0003047607469005781
Elrond,Lothlórien,0.0002050027312667605
Elrond,Amroth,0.0010709896691958832
Elrond,Osgiliath,0.00016581057468323775
Elrond,Edoras,9.991953278243017e-05
Elrond,Barad-dûr,1.4451399941956685e-05
Treebeard,Shire,0.00017043796359915108
Treebeard,Gondor,6.594652669488437e-05
Treebeard,Mordor,0.0001025982661377691
Treebeard,Rohan,0.010037771532708769
Treebeard,Isengard,0.006346645447340169
Treebeard,Rivendell,5.044322810978085e-05
Treebeard,Bree,6.041558063663125e-06
Treebeard,Moria,0.00017316827215843554
Treebeard,Lórien,1.0799073387239436e-05
Treebeard,Orthanc,0.01585531520373624
Treebeard,Anduin,1.3344974696827917e-06
Treebeard,Fangorn,0.016464235840241113
Treebeard,Middle-earth,8.456794428801374e-05
Treebeard,Hobbiton,0.00023628727661330042
Treebeard,Morgul,9.483205373948388e-08
Treebeard,Helm's Deep,6.025769047929632e-06
Treebeard,Mirkwood,9.690629503609877e-05
Treebeard,Ithilien,5.762528855669583e-07
Treebeard,Lothlórien,0.00013763837927632078
Treebeard,Amroth,1.5470346560730277e-07
Treebeard,Osgiliath,9.761188157431668e-08
Treebeard,Edoras,0.0003434887646464555
Treebeard,Barad-dûr,3.573949889049722e-06
Sauron,Shire,0.0004412622259464869
Sauron,Gondor,0.0062466033698801845
Sauron,Mordor,0.04007682707072923
Sauron,Rohan,0.00046686649958920196
Sauron,Isengard,0.001282049369302539
Sauron,Rivendell,0.000498212991967327
Sauron,Bree,0.0005087673737237225
Sauron,Moria,0.0033047394092834185
Sauron,Lórien,0.00018321324054466526
Sauron,Orthanc,0.002238063863884609
Sauron,Anduin,0.013308766494897251
Sauron,Fangorn,5.1244105474733794e-06
Sauron,Middle-earth,0.0062929655795519145
Sauron,Hobbiton,4.238872477488631e-06
Sauron,Morgul,0.00016661631218421464
Sauron,Helm's Deep,8.611598683052661e-07
Sauron,Mirkwood,0.000376553213932995
Sauron,Ithilien,0.00016105560300162472
Sauron,Lothlórien,0.0004682870339182231
Sauron,Amroth,2.760428497092425e-05
Sauron,Osgiliath,1.7147050403204333e-05
Sauron,Edoras,6.14143100901618e-06
Sauron,Barad-dûr,0.007330425766325399
Denethor,Shire,0.0006218071824950704
Denethor,Gondor,0.01597785827520924
Denethor,Mordor,0.0005316069047860811
Denethor,Rohan,0.003251271567546762
Denethor,Isengard,6.43195219156195e-05
Denethor,Rivendell,3.32550354735233e-05
Denethor,Bree,4.435320581570819e-07
Denethor,Moria,5.321900214925614e-05
Denethor,Lórien,0.00023264676648230653
Denethor,Orthanc,4.370408684426269e-06
Denethor,Anduin,0.0006912670319021174
Denethor,Fangorn,2.1617502527348783e-07
Denethor,Middle-earth,7.723369529588722e-07
Denethor,Hobbiton,1.8440720790681217e-07
Denethor,Morgul,0.0001044561986512723
Denethor,Helm's Deep,1.8954149371076106e-06
Denethor,Mirkwood,1.940820455884485e-06
Denethor,Ithilien,0.0005549292733150033
Denethor,Lothlórien,4.82812357898735e-06
Denethor,Amroth,0.00017668445121101075
Denethor,Osgiliath,0.00038524820137409013
Denethor,Edoras,3.283751601392818e-05
Denethor,Barad-dûr,6.501002703329905e-05
Sméagol,Shire,9.257751703556919e-05
Sméagol,Gondor,8.484315734802734e-05
Sméagol,Mordor,0.003742774179211453
Sméagol,Rohan,1.1188608904524606e-06
Sméagol,Isengard,2.0238210486202358e-06
Sméagol,Rivendell,1.1091468581252294e-06
Sméagol,Bree,9.774238470524975e-06
Sméagol,Moria,8.405359446279885e-06
Sméagol,Lórien,0.00019347854432053262
Sméagol,Orthanc,2.373601065427952e-06
Sméagol,Anduin,2.2473942520498663e-05
Sméagol,Fangorn,1.2704894064277348e-07
Sméagol,Middle-earth,1.2426503958859026e-06
Sméagol,Hobbiton,1.6851756093770104e-07
Sméagol,Morgul,0.0001254096744812326
Sméagol,Helm's Deep,6.561050471596106e-07
Sméagol,Mirkwood,5.057812116340853e-05
Sméagol,Ithilien,8.641892305208416e-05
Sméagol,Lothlórien,1.2343113240338794e-07
Sméagol,Amroth,3.1542345743026076e-08
Sméagol,Osgiliath,2.3311971635508326e-05
Sméagol,Edoras,1.5011636156288635e-06
Sméagol,Barad-dûr,1.46052039918473e-05
Éomer,Shire,0.0003299344348477523
Éomer,Gondor,0.006332760759092948
Éomer,Mordor,0.0012017216317678353
Éomer,Rohan,0.09261262103788136
Éomer,Isengard,0.0036722324888731023
Éomer,Rivendell,0.0002723218472196015
Éomer,Bree,9.376289897969354e-07
Éomer,Moria,0.0003716830942455518
Éomer,Lórien,0.000479052571443065
Éomer,Orthanc,0.00010157882398775389
Éomer,Anduin,1.9389802564808116e-05
Éomer,Fangorn,0.0006842971713561479
Éomer,Middle-earth,6.901860166326401e-06
Éomer,Hobbiton,8.229967179731593e-08
Éomer,Morgul,0.0002438401118098458
Éomer,Helm's Deep,0.0006585460233478713
Éomer,Mirkwood,9.294229174696204e-06
Éomer,Ithilien,6.22666895550498e-05
Éomer,Lothlórien,7.416453965895143e-06
Éomer,Amroth,0.0002376175552811403
Éomer,Osgiliath,8.600893461495901e-06
Éomer,Edoras,0.000855139234002605
Éomer,Barad-dûr,6.780042106109881e-06
Galadriel,Shire,0.0011844637110084374
Galadriel,Gondor,0.0001242457891840544
Galadriel,Mordor,9.864028291320101e-05
Galadriel,Rohan,0.00017791582221454808
Galadriel,Isengard,2.5051986477794702e-05
Galadriel,Rivendell,0.0009077351961067357
Galadriel,Bree,1.374020842045928e-06
Galadriel,Moria,0.0015382094866548837
Galadriel,Lórien,0.029692786275381
Galadriel,Orthanc,1.7126010650781413e-05
Galadriel,Anduin,1.194590556794504e-05
Galadriel,Fangorn,0.0002787115473505325
Galadriel,Middle-earth,0.0020608558068222335
Galadriel,Hobbiton,1.1959348392381371e-05
Galadriel,Morgul,2.542462297445196e-05
Galadriel,Helm's Deep,2.639414394722556e-06
Galadriel,Mirkwood,3.58830965214562e-05
Galadriel,Ithilien,0.0001268938628402282
Galadriel,Lothlórien,0.008493694904383632
Galadriel,Amroth,0.000389394888258252
Galadriel,Osgiliath,5.347427960698604e-06
Galadriel,Edoras,3.7507363714750604e-06
Galadriel,Barad-dûr,5.884179697470748e-07
Isildur,Shire,0.00010657244419008808
Isildur,Gondor,0.0068832917657887125
Isildur,Mordor,0.0017994981775789945
Isildur,Rohan,2.1374475114483315e-05
Isildur,Isengard,7.921135582826686e-07
Isildur,Rivendell,0.0006474579800302668
Isildur,Bree,6.463550737001919e-07
Isildur,Moria,6.870124634881056e-05
Isildur,Lórien,9.058248726034237e-06
Isildur,Orthanc,0.00019446222403692837
Isildur,Anduin,0.0017460019004536746
Isildur,Fangorn,4.2747276188569604e-07
Isildur,Middle-earth,0.00010222899664032399
Isildur,Hobbiton,1.7735518072173536e-06
Isildur,Morgul,0.0001858882176448112
Isildur,Helm's Deep,7.986725660857912e-09
Isildur,Mirkwood,0.00016161061729902057
Isildur,Ithilien,7.380461046044645e-06
Isildur,Lothlórien,5.160134117754701e-07
Isildur,Amroth,4.608251926683745e-06
Isildur,Osgiliath,3.574842899415282e-05
Isildur,Edoras,5.282244689980242e-06
Isildur,Barad-dûr,4.3502363389828536e-07
Beregond,Shire,0.00033073988507321955
Beregond,Gondor,0.002977213025876142
Beregond,Mordor,0.0051758719429061805
Beregond,Rohan,0.0003665219728202582
Beregond,Isengard,1.2799911582278714e-05
Beregond,Rivendell,3.8225822744602384e-07
Beregond,Bree,3.094952030500344e-07
Beregond,Moria,3.9756969829810916e-07
Beregond,Lórien,2.515927908620603e-06
Beregond,Orthanc,2.2463698507131724e-07
Beregond,Anduin,0.00030852541466459707
Beregond,Fangorn,7.680630257132543e-08
Beregond,Middle-earth,6.880449947114556e-07
Beregond,Hobbiton,1.7484825399349794e-08
Beregond,Morgul,7.674794743422797e-05
Beregond,Helm's Deep,3.682725319533544e-09
Beregond,Mirkwood,1.928138910090367e-05
Beregond,Ithilien,0.00014525683440321126
Beregond,Lothlórien,6.163204696866324e-08
Beregond,Amroth,1.8628909311653317e-05
Beregond,Osgiliath,0.00046797733631148713
Beregond,Edoras,1.4150444794302992e-06
Beregond,Barad-dûr,5.175147457630063e-07
Butterbur,Shire,0.0015280757998971716
Butterbur,Gondor,2.893646910190357e-05
Butterbur,Mordor,0.00031228884590673927
Butterbur,Rohan,2.127833112961564e-06
Butterbur,Isengard,6.083122286668739e-07
Butterbur,Rivendell,0.0005795813129058134
Butterbur,Bree,0.0077316758853981414
Butterbur,Moria,1.9316210207780288e-07
Butterbur,Lórien,4.2091718529582196e-07
Butterbur,Orthanc,5.053338747771507e-07
Butterbur,Anduin,1.9821562808959314e-05
Butterbur,Fangorn,1.2752768404160988e-07
Butterbur,Middle-earth,6.630643088705817e-06
Butterbur,Hobbiton,4.480063880594423e-06
Butterbur,Morgul,9.896678839289426e-07
Butterbur,Helm's Deep,1.4166191039134524e-09
Butterbur,Mirkwood,1.6369775614083323e-07
Butterbur,Ithilien,6.009949249298335e-08
Butterbur,Lothlórien,2.3197968672216375e-08
Butterbur,Amroth,2.7796395807213362e-08
Butterbur,Osgiliath,1.8700307526844634e-08
Butterbur,Edoras,1.6184978135187557e-07
Butterbur,Barad-dûr,1.3044689971186546e-08
Shadowfax,Shire,3.658731028790729e-05
Shadowfax,Gondor,0.000958711156957471
Shadowfax,Mordor,0.0070774425786300065
Shadowfax,Rohan,0.008738837097023906
Shadowfax,Isengard,0.00013031978940460646
Shadowfax,Rivendell,8.111885685253564e-05
Shadowfax,Bree,4.21416449563623e-06
Shadowfax,Moria,4.734873688775533e-05
Shadowfax,Lórien,7.229342304361713e-06
Shadowfax,Orthanc,8.353228160879692e-05
Shadowfax,Anduin,3.042463640220724e-06
Shadowfax,Fangorn,3.0749119670198564e-06
Shadowfax,Middle-earth,1.735124954052281e-05
Shadowfax,Hobbiton,1.1158710638280398e-05
Shadowfax,Morgul,2.2953430688216626e-05
Shadowfax,Helm's Deep,0.00013804309082017993
Shadowfax,Mirkwood,7.987917559178536e-07
Shadowfax,Ithilien,0.00010589433897455293
Shadowfax,Lothlórien,6.918150090735895e-07
Shadowfax,Amroth,0.00010530267363877125
Shadowfax,Osgiliath,2.3753006352564263e-06
Shadowfax,Edoras,0.0009014417973872953
Shadowfax,Barad-dûr,2.1971362002581563e-06
Wormtongue,Shire,0.003966668782280227
Wormtongue,Gondor,0.0001744463218999431
Wormtongue,Mordor,1.2544639672588575e-05
Wormtongue,Rohan,0.0011443656492865226
Wormtongue,Isengard,0.0020079288506398125
Wormtongue,Rivendell,6.659706902082661e-06
Wormtongue,Bree,2.896184583341441e-07
Wormtongue,Moria,7.653072201882767e-07
Wormtongue,Lórien,2.7230250593241275e-05
Wormtongue,Orthanc,0.001958580887697934
Wormtongue,Anduin,1.9691816741335942e-07
Wormtongue,Fangorn,4.066136160593792e-06
Wormtongue,Middle-earth,9.517671776614029e-07
Wormtongue,Hobbiton,1.1391457083026612e-06
Wormtongue,Morgul,1.1278379409706212e-07
Wormtongue,Helm's Deep,1.6473915844850007e-05
Wormtongue,Mirkwood,2.5381661240587375e-06
Wormtongue,Ithilien,5.7734032102325295e-08
Wormtongue,Lothlórien,4.623145676976632e-07
Wormtongue,Amroth,1.9078420179517673e-07
Wormtongue,Osgiliath,1.231376624519782e-07
Wormtongue,Edoras,5.9845294025268055e-05
Wormtongue,Barad-dûr,1.2345117705961963e-05
Elendil,Shire,0.0006881085826571699
Elendil,Gondor,0.011773891405784163
Elendil,Mordor,0.0004204762791665271
Elendil,Rohan,0.00017352790004202217
Elendil,Isengard,5.7884745742387456e-05
Elendil,Rivendell,0.00023784573472090896
Elendil,Bree,8.75998518183121e-06
Elendil,Moria,0.00041735809415261506
Elendil,Lórien,1.3234443592214782e-05
Elendil,Orthanc,0.0040175032454983425
Elendil,Anduin,0.00013212210593045194
Elendil,Fangorn,9.938564146430981e-07
Elendil,Middle-earth,0.0005752586965089048
Elendil,Hobbiton,1.497092949787865e-06
Elendil,Morgul,5.111974215187982e-06
Elendil,Helm's Deep,1.5906176686435479e-06
Elendil,Mirkwood,4.642514427488403e-05
Elendil,Ithilien,3.252518165458461e-06
Elendil,Lothlórien,7.977548619081024e-06
Elendil,Amroth,3.8044592720624465e-06
Elendil,Osgiliath,0.00010256271696506205
Elendil,Edoras,7.163180672205376e-06
Elendil,Barad-dûr,4.5588005645048395e-06
Éowyn,Shire,0.0002490903085571274
Éowyn,Gondor,0.007066628111891742
Éowyn,Mordor,1.385849321175834e-05
Éowyn,Rohan,0.09753279356288262
Éowyn,Isengard,1.579760333675694e-05
Éowyn,Rivendell,0.00011756235353141288
Éowyn,Bree,1.6358764139912773e-06
Éowyn,Moria,7.962469419908537e-08
Éowyn,Lórien,2.9076485153169856e-05
Éowyn,Orthanc,8.816712636769738e-06
Éowyn,Anduin,2.5546393257331422e-05
Éowyn,Fangorn,7.1452040968673205e-06
Éowyn,Middle-earth,1.6404292835984764e-06
Éowyn,Hobbiton,7.778697250249957e-08
Éowyn,Morgul,4.2644586808087555e-05
Éowyn,Helm's Deep,7.375696552041377e-05
Éowyn,Mirkwood,5.112053227268353e-07
Éowyn,Ithilien,0.0025975685227307577
Éowyn,Lothlórien,1.8790683096595908e-07
Éowyn,Amroth,0.0001478095456948573
Éowyn,Osgiliath,2.352060011473576e-05
Éowyn,Edoras,0.000769065524146135
Éowyn,Barad-dûr,2.1816563024877999e-07
Peregrin,Shire,0.002289425859748655
Peregrin,Gondor,0.0037835450505727176
Peregrin,Mordor,0.00033955831009036116
Peregrin,Rohan,0.0006934052832452279
Peregrin,Isengard,0.00038741884010682406
Peregrin,Rivendell,0.00012357484996456942
Peregrin,Bree,1.135849419283701e-05
Peregrin,Moria,1.5641538568265001e-06
Peregrin,Lórien,4.165523474553414e-06
Peregrin,Orthanc,0.00010235997395769528
Peregrin,Anduin,7.950870709370444e-06
Peregrin,Fangorn,7.328835632930269e-07
Peregrin,Middle-earth,6.108537638575612e-06
Peregrin,Hobbiton,8.49382767313438e-06
Peregrin,Morgul,1.8075285145519444e-06
Peregrin,Helm's Deep,1.2061034906699219e-05
Peregrin,Mirkwood,5.853265433055752e-05
Peregrin,Ithilien,1.3814768260624112e-05
Peregrin,Lothlórien,1.930060286006431e-06
Peregrin,Amroth,6.345344533708429e-06
Peregrin,Osgiliath,3.330782487776865e-06
Peregrin,Edoras,8.928665176932949e-06
Peregrin,Barad-dûr,4.010220834203629e-06
Glóin,Shire,0.0002045171369968598
Glóin,Gondor,0.00043055795926799385
Glóin,Mordor,2.7593069511183696e-05
Glóin,Rohan,6.644784865523521e-05
Glóin,Isengard,8.398124608117529e-06
Glóin,Rivendell,0.0006218059900926609
Glóin,Bree,1.253082315542147e-06
Glóin,Moria,0.006910760747261352
Glóin,Lórien,1.05236549902094e-05
Glóin,Orthanc,1.7940479408415897e-05
Glóin,Anduin,6.28712422477187e-05
Glóin,Fangorn,0.00025835511566238753
Glóin,Middle-earth,2.087065052276857e-05
Glóin,Hobbiton,2.956234553855697e-06
Glóin,Morgul,2.4651327649259258e-06
Glóin,Helm's Deep,1.0881232187669675e-06
Glóin,Mirkwood,0.00033924724875992063
Glóin,Ithilien,6.937686221884332e-07
Glóin,Lothlórien,3.4003849727581646e-05
Glóin,Amroth,2.0703031978700082e-06
Glóin,Osgiliath,1.0051496118970185e-06
Glóin,Edoras,1.6037480786798984e-06
Glóin,Barad-dûr,2.216149431776662e-07
Haldir,Shire,0.00016399286999564856
Haldir,Gondor,8.54327285101761e-07
Haldir,Mordor,3.4066684046342757e-07
Haldir,Rohan,1.0257764059349688e-05
Haldir,Isengard,8.754302424629747e-08
Haldir,Rivendell,5.7724451952382066e-05
Haldir,Bree,4.9941031779726184e-08
Haldir,Moria,0.0006611569968493383
Haldir,Lórien,0.006132287434686577
Haldir,Orthanc,5.074155053345152e-08
Haldir,Anduin,5.927921194932912e-05
Haldir,Fangorn,4.742032119100773e-07
Haldir,Middle-earth,3.9911553308632925e-05
Haldir,Hobbiton,6.449308265731469e-08
Haldir,Morgul,1.2344717941226612e-08
Haldir,Helm's Deep,9.6017044240462e-09
Haldir,Mirkwood,0.0039093393413957974
Haldir,Ithilien,3.2063356018937437e-09
Haldir,Lothlórien,0.0029768550276839025
Haldir,Amroth,0.00527379087593596
Haldir,Osgiliath,7.684667579052838e-08
Haldir,Edoras,1.1712182356053088e-08
Haldir,Barad-dûr,1.8025815030573462e-08
Mithrandir,Shire,1.2349309540165377e-05
Mithrandir,Gondor,0.001517077500199216
Mithrandir,Mordor,9.891312140437242e-05
Mithrandir,Rohan,0.0007525842286945387
Mithrandir,Isengard,0.00013255951585501463
Mithrandir,Rivendell,4.332662021478376e-05
Mithrandir,Bree,9.452724915593628e-08
Mithrandir,Moria,0.01003239485421322
Mithrandir,Lórien,2.1183253162243932e-05
Mithrandir,Orthanc,6.033298457293594e-07
Mithrandir,Anduin,2.427205095303801e-05
Mithrandir,Fangorn,7.633727630187268e-07
Mithrandir,Middle-earth,0.0007174391966253496
Mithrandir,Hobbiton,9.119071061035622e-09
Mithrandir,Morgul,2.689960194040504e-05
Mithrandir,Helm's Deep,7.115639256635648e-08
Mithrandir,Mirkwood,7.926544312889737e-06
Mithrandir,Ithilien,1.42261399800332e-05
Mithrandir,Lothlórien,0.0006950884065578578
Mithrandir,Amroth,1.6563193105459337e-05
Mithrandir,Osgiliath,3.865760894506925e-05
Mithrandir,Edoras,5.519217440730528e-07
Mithrandir,Barad-dûr,1.8583620716243634e-05
Celeborn,Shire,0.00522970628833417
Celeborn,Gondor,0.0004443325775421175
Celeborn,Mordor,5.048509203553878e-06
Celeborn,Rohan,0.00024368358469985203
Celeborn,Isengard,1.0410248599272416e-06
Celeborn,Rivendell,0.00038744404200810714
Celeborn,Bree,1.0296662862098282e-06
Celeborn,Moria,0.0002940719116741147
Celeborn,Lórien,0.0013535312754064713
Celeborn,Orthanc,1.891918359651288e-05
Celeborn,Anduin,2.9754834790686904e-05
Celeborn,Fangorn,0.0013567766595705764
Celeborn,Middle-earth,0.0002715891881828832
Celeborn,Hobbiton,5.302796259767142e-06
Celeborn,Morgul,4.340765659784545e-08
Celeborn,Helm's Deep,4.210378551653327e-09
Celeborn,Mirkwood,1.152908335568976e-05
Celeborn,Ithilien,9.634096210058686e-05
Celeborn,Lothlórien,0.0041348176718492
Celeborn,Amroth,0.0001307735356210441
Celeborn,Osgiliath,3.072956337937222e-05
Celeborn,Edoras,1.730386570739376e-06
Celeborn,Barad-dûr,1.6160719648585897e-08
Glorfindel,Shire,0.00017936097740727593
Glorfindel,Gondor,0.00020310897378355647
Glorfindel,Mordor,9.000162519226622e-05
Glorfindel,Rohan,8.610229449594212e-07
Glorfindel,Isengard,1.210328116607637e-06
Glorfindel,Rivendell,0.0009583072784261086
Glorfindel,Bree,6.759236761642798e-06
Glorfindel,Moria,3.3420146450769305e-06
Glorfindel,Lórien,3.10023156926375e-05
Glorfindel,Orthanc,1.8888478440856944e-07
Glorfindel,Anduin,5.634710263317318e-07
Glorfindel,Fangorn,3.1095262634401306e-08
Glorfindel,Middle-earth,0.00018709147060366562
Glorfindel,Hobbiton,3.890067258764815e-07
Glorfindel,Morgul,3.6693422748281657e-06
Glorfindel,Helm's Deep,1.0894805861267466e-09
Glorfindel,Mirkwood,1.0302343041074795e-05
Glorfindel,Ithilien,8.416734280627545e-08
Glorfindel,Lothlórien,6.945849949539204e-05
Glorfindel,Amroth,3.638098252363938e-08
Glorfindel,Osgiliath,6.225719451769524e-08
Glorfindel,Edoras,7.840899952102404e-08
Glorfindel,Barad-dûr,4.5435554602677456e-09
Shelob,Shire,8.09400957654025e-05
Shelob,Gondor,9.238676984160101e-05
Shelob,Mordor,0.00012270975135051225
Shelob,Rohan,7.033172860909916e-07
Shelob,Isengard,1.9406617663403877e-07
Shelob,Rivendell,8.942041138119586e-07
Shelob,Bree,9.452177041811212e-09
Shelob,Moria,1.347833772345896e-06
Shelob,Lórien,2.152182205452044e-06
Shelob,Orthanc,2.4609755338627326e-08
Shelob,Anduin,3.3665677157105605e-07
Shelob,Fangorn,9.586919153896914e-09
Shelob,Middle-earth,2.1763638371684458e-07
Shelob,Hobbiton,9.501691236572704e-09
Shelob,Morgul,0.005490840677962868
Shelob,Helm's Deep,2.9989876156088765e-09
Shelob,Mirkwood,0.0007758119134586927
Shelob,Ithilien,2.3295556136871253e-06
Shelob,Lothlórien,6.20112361486306e-09
Shelob,Amroth,2.63487501908657e-07
Shelob,Osgiliath,1.1505146287062208e-07
Shelob,Edoras,3.130328380253532e-08
Shelob,Barad-dûr,4.0448455959725505e-05
Meriadoc,Shire,0.009358252396634952
Meriadoc,Gondor,0.0012069201921176848
Meriadoc,Mordor,1.5694519451170414e-05
Meriadoc,Rohan,0.0029014225310141535
Meriadoc,Isengard,0.0005071256725229116
Meriadoc,Rivendell,0.0005182291671245472
Meriadoc,Bree,3.728773048685718e-05
Meriadoc,Moria,7.224829195820184e-08
Meriadoc,Lórien,9.656515936385026e-06
Meriadoc,Orthanc,1.8390653613093901e-06
Meriadoc,Anduin,1.0044839607098815e-06
Meriadoc,Fangorn,1.9435390930385277e-06
Meriadoc,Middle-earth,1.0914657964841029e-05
Meriadoc,Hobbiton,5.994458869883468e-06
Meriadoc,Morgul,6.778146643213593e-07
Meriadoc,Helm's Deep,2.2166241529520087e-06
Meriadoc,Mirkwood,2.31854413095651e-07
Meriadoc,Ithilien,1.112142225645048e-06
Meriadoc,Lothlórien,1.9670574186129796e-06
Meriadoc,Amroth,7.492283286361873e-06
Meriadoc,Osgiliath,1.9593273597531643e-07
Meriadoc,Edoras,0.0001015752600583824
Meriadoc,Barad-dûr,4.95119159391412e-07
Goldberry,Shire,0.00021055181117413644
Goldberry,Gondor,1.6373531760817035e-08
Goldberry,Mordor,4.300376745848998e-08
Goldberry,Rohan,1.0457289776659751e-08
Goldberry,Isengard,8.385234122050771e-09
Goldberry,Rivendell,8.676663722064525e-08
Goldberry,Bree,1.957743788748917e-05
Goldberry,Moria,1.582746141542892e-08
Goldberry,Lórien,6.2118151991519e-09
Goldberry,Orthanc,3.79145630665008e-09
Goldberry,Anduin,5.932930796078351e-09
Goldberry,Fangorn,3.0928597702609676e-09
Goldberry,Middle-earth,1.7014398519157548e-08
Goldberry,Hobbiton,4.821928556695879e-08
Goldberry,Morgul,4.2225137752283615e-09
Goldberry,Helm's Deep,5.54595524909755e-10
Goldberry,Mirkwood,1.4428265407864093e-08
Goldberry,Ithilien,9.307482828005633e-10
Goldberry,Lothlórien,3.8611464845770985e-09
Goldberry,Amroth,1.452590561180247e-09
Goldberry,Osgiliath,1.9954653636937274e-09
Goldberry,Edoras,1.2458168928255786e-09
Goldberry,Barad-dûr,1.0526872362042707e-09

